Cus ID,Sex,Age,Income,Rating
301219,M,23,306555,44
301220,F,26,306555,91
301221,F,24,326992,7
301222,M,28,326992,87
301223,F,38,347429,45
301224,F,25,1199573,30
301225,M,32,1682184,12
301226,M,43,1558265,15
301227,F,33,1275828,98
301228,F,21,1909823,36
301229,M,24,1079563,35
301230,F,32,1533332,56
301231,F,55,1808690,91
301232,M,46,524922,2
301233,F,26,1078325,57
301234,F,29,2334724,58
301235,M,58,627883,65
301236,M,29,1998852,22
301237,F,29,561154,41
301238,M,28,1513598,17
301239,M,22,558277,28
301240,F,38,849347,16
301241,M,56,1006047,8
301242,M,50,893267,29
301243,M,45,1905570,12
301244,M,29,1791771,61
301245,F,49,1815539,31
301246,F,40,1375767,26
301247,M,45,2313850,43
301248,M,60,1918715,68
301249,F,57,1461089,64
301250,M,39,568289,50
301251,F,44,1695540,16
301252,M,29,1673903,36
301253,F,45,1311323,47
301254,M,54,1713377,97
301255,M,24,1750459,89
301256,M,56,1056001,94
301257,F,18,1617442,33
301258,M,50,1475593,21
301259,M,29,1453547,28
301260,M,31,1027832,47
301261,F,34,949064,17
301262,F,39,1327106,56
301263,F,44,2180617,90
301264,M,31,2761891,35
301265,F,39,1009626,20
301266,M,57,564674,37
301267,F,46,1027986,16
301268,M,18,707157,96
301269,F,43,978911,9
301270,F,55,1507908,60
301271,F,44,655737,79
301272,M,29,1645828,94
301273,F,30,1764510,72
301274,M,24,2235683,35
301275,F,45,2432529,95
301276,M,54,1898589,65
301277,M,36,2723675,57
301278,M,52,925242,55
301279,M,40,1429706,11
301280,F,19,1361837,80
301281,F,18,1535476,18
301282,F,30,1915984,22
301283,M,44,1039876,51
301284,M,22,2363692,4
301285,M,39,2079383,81
301286,F,50,1479499,82
301287,F,57,1556617,18
301288,F,56,623778,90
301289,M,26,300000,55
301290,M,30,1197407,5
301291,M,19,1460598,65
301292,M,33,1402991,88
301293,F,35,541637,39
301294,F,19,962624,48
301295,F,55,2393517,18
301296,M,22,1728530,8
301297,F,38,1655797,2
301298,M,20,1055656,26
301299,M,18,1735389,69
301300,F,49,2090044,17
301301,M,29,1748148,12
301302,F,26,994429,53
301303,F,28,1441854,78
301304,F,38,688327,100
301305,F,21,1060366,74
301306,F,29,1640701,40
301307,F,58,912287,51
301308,M,40,1108735,69
301309,F,58,2186020,41
301310,M,41,1149942,31
301311,M,28,1754063,92
301312,F,32,1064781,14
301313,F,46,524060,75
301314,F,29,1261916,98
301315,F,22,1026847,71
301316,M,57,300000,89
301317,M,21,482923,57
301318,F,58,987854,10
301319,F,54,2212165,25
301320,M,38,888492,26
301321,F,20,1238734,46
301322,M,35,1665834,55
301323,F,26,1447424,4
301324,M,40,1041328,75
301325,M,33,2357064,71
301326,M,41,2123841,31
301327,F,25,300000,83
301328,M,59,1879246,6
301329,F,27,1610407,1
301330,M,36,1891497,27
301331,F,18,1317200,12
301332,M,32,1791950,57
301333,F,48,2502572,11
301334,M,58,2363461,87
301335,F,32,2413643,17
301336,F,45,1939001,2
301337,M,33,1855094,100
301338,F,23,1867358,72
301339,F,49,538624,44
301340,F,41,2725351,61
301341,M,49,1413206,16
301342,M,53,1469478,34
301343,F,26,1337327,83
301344,F,42,1565681,47
301345,F,35,300000,34
301346,M,29,1408424,4
301347,F,38,443293,40
301348,M,33,624279,49
301349,F,53,300000,32
301350,F,49,300000,77
301351,F,56,1637413,74
301352,M,41,943415,32
301353,F,28,1192059,59
301354,F,18,1148064,57
301355,M,34,509391,1
301356,M,31,800782,68
301357,F,39,444587,84
301358,M,49,1056366,12
301359,F,40,300000,20
301360,M,20,1002031,42
301361,F,31,1843275,92
301362,F,35,2034065,30
301363,M,49,1993505,65
301364,M,42,1574208,24
301365,M,53,604884,92
301366,F,31,1838878,60
301367,M,21,1588389,65
301368,M,47,1424471,5
301369,M,52,469716,67
301370,M,20,1504744,52
301371,F,44,2163827,86
301372,M,58,1731252,73
301373,F,51,1104210,8
301374,M,50,1604125,22
301375,F,37,1254066,16
301376,F,55,1366703,4
301377,M,25,1797534,22
301378,F,40,1473428,87
301379,M,36,1298454,47
301380,F,38,1499675,86
301381,M,24,721747,87
301382,M,31,607616,34
301383,M,58,1564098,30
301384,M,22,867960,85
301385,M,49,1612104,40
301386,M,40,300000,23
301387,M,52,2024327,18
301388,M,31,1186080,20
301389,F,20,2326626,93
301390,M,55,300000,72
301391,F,40,300000,9
301392,M,25,2157823,14
301393,F,29,1352706,28
301394,M,19,1448105,36
301395,F,42,1332445,72
301396,M,51,1355745,65
301397,F,41,1600021,72
301398,M,60,600886,27
301399,M,46,1144985,76
301400,M,36,2093059,1
301401,M,52,1370086,32
301402,M,55,852577,91
301403,M,28,1315479,35
301404,F,48,1928305,33
301405,F,46,1124938,37
301406,M,51,1139039,27
301407,F,45,1571132,70
301408,F,43,1803427,52
301409,F,36,2207896,51
301410,M,39,1170887,84
301411,M,53,1479617,66
301412,F,45,1929622,42
301413,F,60,300000,50
301414,F,42,2452440,89
301415,F,54,2575062,32
301416,M,39,2575062,83
301417,M,39,2799869,21
301418,M,36,2799869,93
