Age,Income,Buy_House
34,53,No
47,75,No
59,94,Yes
50,61,Yes
32,20,No
38,44,No
28,37,No
56,56,Yes
48,86,Yes
34,70,Yes
57,48,Yes
28,35,No
38,88,Yes
21,24,No
48,54,No
29,46,No
54,62,Yes
29,73,Yes
31,63,Yes
45,52,Yes
50,77,Yes
50,47,Yes
56,75,Yes
21,62,No
25,41,No
52,94,Yes
27,89,Yes
41,56,No
38,41,No
46,61,Yes
21,45,No
45,95,Yes
40,50,No
51,77,Yes
34,58,Yes
35,36,No
47,42,No
33,56,Yes
41,69,Yes
39,88,Yes
37,47,Yes
37,55,Yes
27,45,No
49,92,Yes
48,70,Yes
34,85,Yes
52,60,Yes
25,47,No
34,61,Yes
27,53,Yes
30,30,No
23,59,No
58,64,Yes
22,86,Yes
54,76,Yes
38,46,Yes
55,72,Yes
53,37,Yes
32,60,No
40,63,Yes
54,56,Yes
48,77,Yes
51,49,No
21,73,No
36,75,Yes
60,70,Yes
44,56,Yes
59,82,Yes
55,62,Yes
52,55,Yes
46,20,No
36,58,Yes
30,63,Yes
36,78,Yes
46,55,Yes
58,48,Yes
47,81,Yes
38,81,Yes
48,50,Yes
39,48,No
50,54,Yes
33,51,No
26,21,No
34,68,Yes
45,78,Yes
21,42,No
26,46,No
30,77,Yes
53,53,Yes
56,45,Yes
37,61,Yes
45,47,No
33,75,Yes
28,29,Yes
52,42,Yes
26,42,No
28,56,Yes
60,78,Yes
56,97,Yes
42,84,Yes
49,40,No
59,83,Yes
43,68,Yes
28,50,No
21,71,No
28,41,No
22,38,Yes
24,53,No
22,72,Yes
52,50,Yes
57,70,Yes
31,46,Yes
28,52,No
31,60,No
30,53,No
48,20,No
37,32,Yes
27,48,No
59,83,Yes
58,66,Yes
55,25,No
41,90,Yes
38,62,Yes
58,79,Yes
36,71,Yes
26,43,No
43,57,Yes
57,40,Yes
60,52,Yes
31,47,Yes
33,51,No
28,53,Yes
22,45,No
54,38,Yes
50,40,No
46,43,No
42,57,Yes
33,62,Yes
21,61,No
47,54,No
45,75,Yes
48,32,Yes
43,47,No
39,51,Yes
44,39,No
55,77,Yes
25,46,No
37,44,No
26,53,No
42,79,Yes
60,100,Yes
35,63,Yes
58,86,Yes
53,30,No
44,31,Yes
27,32,No
47,60,Yes
55,34,Yes
55,62,Yes
31,45,No
52,46,Yes
46,47,No
21,46,No
25,24,No
43,69,Yes
48,73,Yes
34,64,Yes
60,64,Yes
53,66,Yes
55,77,Yes
46,35,No
22,78,Yes
41,45,Yes
21,55,No
56,67,Yes
54,50,Yes
28,76,No
59,78,Yes
22,52,No
30,58,No
32,58,No
48,32,Yes
23,20,No
40,33,No
47,42,Yes
33,67,Yes
39,85,Yes
34,32,No
32,60,Yes
33,75,Yes
33,42,No
51,78,Yes
38,75,Yes
34,44,No
34,77,Yes
37,39,Yes
35,51,Yes
32,77,Yes
21,27,No
28,69,Yes
58,58,Yes
40,105,Yes
42,108,Yes
58,65,Yes
56,59,Yes
52,31,Yes
33,55,No
29,51,No
35,42,Yes
27,33,Yes
51,77,Yes
32,78,Yes
23,54,No
37,43,Yes
35,49,No
26,57,No
53,41,Yes
22,70,Yes
42,57,Yes
49,68,Yes
36,43,No
47,57,Yes
27,47,Yes
22,67,Yes
37,65,Yes
27,39,No
39,50,No
50,70,Yes
25,20,No
25,90,Yes
29,34,No
30,68,No
36,71,Yes
48,59,Yes
34,88,Yes
33,62,Yes
40,38,Yes
46,61,Yes
29,65,Yes
23,26,No
47,60,Yes
23,34,No
54,96,Yes
51,20,No
26,31,No
59,62,Yes
21,37,No
50,78,Yes
30,43,No
55,20,Yes
36,46,Yes
53,59,Yes
49,69,Yes
32,69,No
41,81,No
48,83,Yes
58,58,Yes
44,79,Yes
49,65,Yes
36,79,No
36,20,No
52,49,Yes
49,50,Yes
35,60,No
37,52,No
52,74,Yes
37,43,Yes
58,53,Yes
29,67,No
52,71,Yes
41,43,No
54,47,Yes
54,56,Yes
42,67,Yes
43,65,Yes
52,56,Yes
29,70,No
22,63,No
29,50,Yes
23,63,No
52,61,Yes
41,55,No
54,45,Yes
26,44,No
35,59,Yes
59,76,Yes
44,38,Yes
43,67,Yes
43,48,Yes
32,49,No
60,57,Yes
25,68,No
31,52,No
58,80,Yes
46,68,Yes
60,58,Yes
53,86,Yes
28,20,No
60,87,Yes
33,47,No
