Weather,Temperature,Humidity,Wind_Speed,Outcome
Sunny,20.3,71,10.0,Go Out
Cloudy,18.3,84,13.3,Stay In
Sunny,18.8,38,13.6,Go Out
Rainy,23.6,59,15.7,Stay In
Rainy,27.0,60,4.7,Stay In
Rainy,28.1,76,11.7,Stay In
Sunny,25.4,65,10.3,Go Out
Sunny,30.6,72,10.9,Go Out
Rainy,28.0,71,20.4,Go Out
Cloudy,12.9,61,2.2,Go Out
Cloudy,37.0,48,5.3,Go Out
Sunny,38.0,65,26.5,Go Out
Cloudy,23.2,52,11.9,Go Out
Rainy,27.9,75,15.2,Go Out
Sunny,34.4,75,16.2,Go Out
Sunny,27.6,82,10.7,Go Out
Sunny,23.5,54,19.6,Go Out
Rainy,26.8,87,3.4,Stay In
Rainy,25.6,57,22.3,Stay In
Cloudy,34.1,76,22.6,Go Out
Rainy,32.1,72,8.7,Go Out
Rainy,24.9,72,26.8,Stay In
Rainy,22.8,62,8.0,Stay In
Rainy,20.1,56,20.7,Stay In
Rainy,32.3,71,9.5,Stay In
Cloudy,22.9,60,15.6,Stay In
Sunny,32.8,72,15.0,Go Out
Sunny,23.9,74,17.8,Go Out
Cloudy,25.3,69,31.3,Stay In
Sunny,28.2,84,27.6,Go Out
Rainy,21.3,63,14.0,Stay In
Cloudy,35.0,88,2.0,Go Out
Rainy,24.6,100,17.2,Stay In
Rainy,30.7,71,17.6,Stay In
Cloudy,31.1,79,18.4,Stay In
Sunny,28.9,75,14.4,Stay In
Rainy,33.4,41,26.2,Stay In
Sunny,31.8,98,20.5,Go Out
Rainy,32.3,70,14.0,Stay In
Sunny,27.3,89,12.8,Go Out
Cloudy,34.4,51,9.9,Go Out
Sunny,37.2,60,22.2,Stay In
Sunny,28.9,83,13.8,Go Out
Rainy,26.8,85,15.8,Stay In
Rainy,28.3,68,10.0,Stay In
Cloudy,27.6,41,15.4,Stay In
Cloudy,27.0,84,22.3,Stay In
Sunny,32.7,58,22.7,Go Out
Sunny,17.2,78,13.8,Go Out
Sunny,32.6,66,12.4,Go Out
Cloudy,21.0,39,13.2,Go Out
Cloudy,25.6,40,18.8,Go Out
Sunny,32.6,82,4.7,Go Out
Cloudy,31.1,72,19.6,Go Out
Cloudy,26.0,89,18.7,Stay In
Sunny,27.4,73,13.7,Go Out
Cloudy,21.8,79,14.6,Stay In
Rainy,21.6,42,26.7,Stay In
Rainy,26.4,59,13.3,Go Out
Sunny,23.5,66,7.9,Go Out
Sunny,26.3,77,13.0,Go Out
Cloudy,31.2,40,19.3,Go Out
Sunny,36.1,74,28.3,Go Out
Rainy,33.0,74,14.3,Stay In
Sunny,28.9,71,7.4,Go Out
Sunny,26.9,70,23.3,Go Out
Sunny,27.6,53,19.9,Stay In
Sunny,38.2,92,16.6,Go Out
Sunny,20.5,32,6.2,Stay In
Sunny,33.0,87,21.6,Go Out
Rainy,19.5,73,7.5,Stay In
Rainy,28.6,59,2.0,Go Out
Cloudy,24.0,75,14.2,Go Out
Cloudy,28.1,68,12.0,Go Out
Sunny,31.9,82,9.4,Go Out
Rainy,32.5,78,6.8,Go Out
Sunny,24.0,76,17.7,Go Out
Sunny,32.3,54,24.1,Go Out
Rainy,25.8,95,14.9,Stay In
Rainy,24.3,63,15.4,Stay In
Sunny,26.9,40,2.0,Go Out
Sunny,33.0,62,15.6,Go Out
Rainy,24.3,74,15.1,Stay In
Sunny,28.2,43,19.8,Stay In
Rainy,35.6,64,18.4,Stay In
Rainy,36.0,77,23.0,Stay In
Cloudy,23.9,82,10.1,Stay In
Rainy,40.0,80,11.2,Stay In
Rainy,26.1,85,15.0,Stay In
Sunny,20.3,47,7.4,Go Out
Sunny,28.0,82,13.1,Go Out
Cloudy,29.1,90,18.0,Go Out
Cloudy,31.6,74,11.3,Stay In
Rainy,18.9,57,6.7,Stay In
Sunny,26.8,59,10.3,Go Out
Cloudy,30.3,78,2.1,Go Out
Cloudy,25.2,51,11.0,Go Out
Sunny,29.4,46,21.2,Go Out
Sunny,15.9,64,12.1,Go Out
Sunny,28.2,62,20.4,Go Out
Rainy,30.9,65,7.3,Stay In
Sunny,38.2,100,22.9,Go Out
Cloudy,21.6,73,3.7,Go Out
Sunny,40.0,45,21.9,Go Out
Sunny,18.9,67,13.1,Go Out
Sunny,28.5,60,15.2,Go Out
Cloudy,25.0,78,2.0,Stay In
Cloudy,25.5,81,12.3,Stay In
Sunny,20.7,40,18.4,Go Out
Rainy,32.1,60,7.0,Stay In
Cloudy,34.0,69,13.8,Go Out
Cloudy,26.7,62,13.1,Go Out
Sunny,24.1,60,13.8,Go Out
Sunny,25.2,50,15.0,Go Out
Sunny,36.8,55,27.7,Go Out
Rainy,26.3,85,8.6,Stay In
Cloudy,24.1,71,11.1,Stay In
Sunny,34.5,62,19.1,Go Out
Sunny,22.5,57,15.1,Go Out
Sunny,24.9,61,13.1,Go Out
Rainy,27.8,40,6.4,Stay In
Rainy,19.9,80,8.8,Stay In
Sunny,19.2,65,2.0,Go Out
Rainy,29.9,62,24.0,Stay In
Rainy,12.0,81,13.8,Stay In
Sunny,27.9,53,18.8,Go Out
Rainy,24.0,55,13.3,Stay In
Rainy,26.0,66,6.9,Stay In
Cloudy,19.2,65,9.9,Stay In
Sunny,36.0,70,2.2,Stay In
Cloudy,37.4,65,9.0,Go Out
Rainy,33.1,60,20.6,Stay In
Rainy,29.6,78,11.6,Stay In
Sunny,25.9,57,6.0,Go Out
Sunny,24.8,66,16.8,Go Out
Sunny,32.1,58,18.9,Go Out
Rainy,18.2,66,17.8,Stay In
Sunny,38.0,74,19.1,Stay In
Cloudy,28.2,73,11.1,Stay In
Cloudy,29.6,59,6.7,Stay In
Rainy,23.5,100,6.3,Stay In
Cloudy,37.2,65,9.3,Go Out
Rainy,24.6,71,18.6,Stay In
Cloudy,28.1,62,29.2,Stay In
Rainy,40.0,56,6.7,Stay In
Sunny,26.8,86,24.1,Go Out
Rainy,26.1,43,16.8,Stay In
Sunny,16.9,84,22.4,Go Out
Rainy,30.6,71,6.9,Stay In
Cloudy,15.7,72,11.7,Stay In
Sunny,33.5,93,18.0,Go Out
Rainy,30.6,55,2.1,Stay In
Sunny,28.0,85,25.5,Go Out
Rainy,32.9,64,24.3,Stay In
Sunny,33.3,79,6.0,Stay In
Cloudy,19.1,44,16.7,Stay In
Cloudy,23.6,63,30.7,Stay In
Sunny,31.6,69,14.7,Go Out
Cloudy,25.8,41,5.6,Go Out
Sunny,33.6,91,14.4,Go Out
Cloudy,26.1,38,12.2,Go Out
Sunny,24.8,69,13.4,Stay In
Rainy,25.8,72,9.2,Stay In
Cloudy,36.5,61,20.4,Go Out
Sunny,29.6,63,18.8,Go Out
Rainy,35.3,54,18.4,Stay In
Rainy,26.0,84,13.5,Stay In
Cloudy,27.1,81,14.1,Stay In
Rainy,29.0,70,12.8,Stay In
Sunny,22.8,72,15.5,Go Out
Cloudy,33.2,50,19.9,Go Out
Sunny,22.7,75,6.4,Go Out
Rainy,22.0,86,9.2,Stay In
Sunny,27.3,64,15.3,Go Out
Rainy,35.3,60,17.3,Stay In
Sunny,23.9,47,2.0,Go Out
Cloudy,32.5,100,19.8,Stay In
Cloudy,28.7,62,8.2,Go Out
Cloudy,31.6,69,20.0,Go Out
Rainy,26.3,53,16.9,Stay In
Cloudy,24.3,48,16.7,Stay In
Sunny,30.5,80,22.4,Go Out
Rainy,35.2,96,19.3,Stay In
Rainy,18.8,68,3.2,Stay In
Sunny,26.3,69,17.7,Go Out
Rainy,30.6,79,15.9,Stay In
Sunny,33.2,68,18.9,Go Out
Rainy,25.3,94,22.4,Stay In
Sunny,29.8,69,7.9,Go Out
Cloudy,26.2,77,15.4,Go Out
Cloudy,22.5,98,22.6,Go Out
Sunny,27.9,71,16.4,Go Out
Sunny,17.2,65,16.2,Go Out
Sunny,24.9,44,12.8,Go Out
Cloudy,31.0,94,7.8,Stay In
Sunny,28.0,61,5.2,Go Out
Rainy,24.2,85,20.9,Stay In
Cloudy,33.8,64,12.5,Stay In
Rainy,29.1,67,17.4,Stay In
Cloudy,24.4,84,7.5,Stay In
Sunny,31.4,71,12.7,Go Out
Rainy,31.9,82,10.9,Stay In
Sunny,33.6,49,21.5,Go Out
Rainy,17.5,50,10.6,Go Out
Rainy,24.3,40,14.8,Stay In
Sunny,28.7,80,11.5,Stay In
Cloudy,27.6,83,22.4,Stay In
Sunny,29.3,51,5.1,Go Out
Sunny,18.7,67,24.8,Go Out
Sunny,33.7,33,8.5,Go Out
Cloudy,21.7,67,16.0,Stay In
Sunny,22.1,91,4.0,Go Out
Rainy,35.6,66,14.0,Stay In
Sunny,33.9,35,5.0,Go Out
Sunny,28.2,35,13.9,Go Out
Cloudy,26.1,58,22.4,Go Out
Sunny,33.7,55,8.4,Go Out
Cloudy,27.9,85,21.7,Go Out
Cloudy,28.3,56,14.8,Go Out
Sunny,29.8,71,21.9,Go Out
Cloudy,33.0,55,12.8,Go Out
Cloudy,25.7,75,12.7,Go Out
Rainy,25.6,81,18.0,Stay In
Rainy,24.1,50,15.7,Stay In
Rainy,26.8,56,24.7,Stay In
Rainy,23.6,56,14.4,Stay In
Rainy,29.3,76,16.3,Stay In
Sunny,28.4,59,22.6,Go Out
Cloudy,39.5,78,9.8,Go Out
Rainy,31.3,88,18.9,Stay In
Sunny,15.3,47,17.0,Go Out
Cloudy,26.4,73,21.3,Go Out
Rainy,32.8,82,12.4,Stay In
Rainy,17.7,58,15.1,Stay In
Sunny,30.2,35,2.3,Go Out
Rainy,33.4,39,17.7,Stay In
Cloudy,27.3,75,16.2,Go Out
Rainy,28.3,95,2.0,Stay In
Rainy,22.7,75,2.0,Stay In
Rainy,29.3,74,14.9,Stay In
Rainy,22.6,67,6.9,Stay In
Sunny,16.7,88,15.2,Stay In
Cloudy,26.1,72,24.5,Go Out
Sunny,26.0,67,17.9,Go Out
Cloudy,32.0,72,27.2,Go Out
Sunny,24.1,65,6.3,Go Out
Rainy,19.0,100,8.4,Stay In
Sunny,26.6,57,16.5,Go Out
Cloudy,23.2,96,3.3,Stay In
Sunny,29.0,42,2.0,Go Out
Sunny,21.4,65,12.7,Go Out
Rainy,24.4,73,3.7,Stay In
Cloudy,31.0,69,23.4,Stay In
Rainy,29.0,52,8.2,Stay In
Cloudy,26.5,75,9.2,Stay In
Cloudy,21.2,93,17.5,Go Out
Rainy,26.8,63,15.3,Stay In
Sunny,25.6,58,22.8,Stay In
Sunny,28.7,83,11.7,Go Out
Rainy,27.4,54,10.9,Stay In
Rainy,38.3,31,16.8,Stay In
Sunny,29.0,68,6.4,Go Out
Sunny,26.7,61,12.2,Go Out
Cloudy,24.3,46,13.3,Go Out
Cloudy,16.8,71,13.6,Stay In
Sunny,32.4,69,16.6,Go Out
Sunny,17.5,61,16.0,Go Out
Rainy,33.7,86,14.9,Stay In
Sunny,19.0,79,9.2,Go Out
Sunny,33.5,73,7.7,Go Out
Cloudy,15.5,70,34.2,Stay In
Sunny,33.3,81,19.6,Go Out
Rainy,17.8,68,19.4,Stay In
Sunny,26.0,42,11.4,Stay In
Cloudy,34.7,54,19.7,Stay In
Rainy,25.0,75,22.7,Stay In
Cloudy,19.0,75,18.5,Stay In
Sunny,31.8,87,4.0,Go Out
Sunny,27.4,69,2.0,Go Out
Sunny,27.9,91,17.5,Go Out
Cloudy,22.1,61,17.8,Stay In
Sunny,21.5,55,19.1,Go Out
Sunny,30.2,78,27.6,Go Out
Sunny,27.0,71,6.0,Go Out
Rainy,27.0,58,22.6,Stay In
Sunny,28.2,74,19.1,Go Out
Sunny,28.1,45,22.3,Go Out
Sunny,22.2,40,14.1,Go Out
Rainy,33.3,84,4.0,Stay In
Rainy,29.1,77,19.4,Stay In
Rainy,28.0,76,15.9,Stay In
Sunny,33.9,79,10.4,Go Out
Sunny,36.1,74,8.7,Go Out
Cloudy,30.9,64,31.4,Go Out
Cloudy,26.4,59,14.6,Go Out
Sunny,20.0,67,18.4,Go Out
Sunny,22.2,69,15.7,Go Out
Cloudy,17.5,55,26.2,Stay In
Sunny,24.0,63,16.4,Stay In
Cloudy,24.2,59,20.5,Stay In
