Weight_Grams,Sweetness_Score,Color_Redness,Diameter_CM,Fruit_Type
202,1.7572596849554394,0.5360963663441204,6.067773300399829,Banana
279,2.454658426851524,0.30952761628632774,9.034018521167692,Banana
192,9.086987696743714,0.8137950197069487,9.247005324679991,Banana
114,6.457861536936309,0.6847311725538793,7.968914699116702,Banana
206,1.0827734645496667,0.1626169393448913,10.15510964937306,Apple
171,1.913243885794289,0.9109271844938425,11.540569103383104,Apple
288,6.971515921972502,0.822537242923169,11.478979590347434,Banana
120,1.0455542546159682,0.949799913291924,8.155875599828924,Apple
202,2.4472724627574878,0.72571950838836,5.792666320885287,Apple
221,5.938604104299275,0.6134151959357899,11.893888392736342,Banana
174,7.227056779234239,0.4182430362906189,10.872286605121538,Apple
187,6.867651335523405,0.9327284833540133,5.872638768422868,Apple
216,3.018423785145038,0.8660638895004084,11.445893178321606,Apple
199,7.409612992127823,0.04521867010618941,11.089274534434898,Apple
203,3.135241787471201,0.026366974497252005,8.631866399882504,Apple
251,3.9285972834334095,0.3764633668780496,9.138928050214504,Apple
230,7.718422646062217,0.8105533307818329,7.793018927090912,Banana
249,6.846696091424932,0.9872761293149445,5.38333147175422,Apple
152,8.6430106944476,0.15041689110352818,7.346380691521306,Apple
101,6.91851603070309,0.5941307153521351,10.61997414018608,Banana
187,6.114777430019244,0.3808908566310215,5.03242416103222,Banana
257,1.8430729104528323,0.9699143978146032,7.334494201838009,Banana
137,4.309442227534902,0.8421189231357087,7.787180855136603,Banana
229,3.386821309135529,0.8383287047111379,8.76176922056546,Apple
291,3.195906790411752,0.4686931597949703,11.438989314889323,Apple
287,9.75709499277201,0.4148195023376652,7.4244219605617285,Apple
120,4.537879522000844,0.27340707193070624,7.428672413273594,Apple
260,9.02841899659402,0.056375496650927115,10.162508736768238,Apple
157,6.680247633975366,0.8647223762550532,8.16552558622865,Apple
121,8.153301731874835,0.8129010091300776,6.5722337605798735,Banana
188,5.523733837946729,0.9997176732861306,8.167076612928854,Apple
148,6.192134961637232,0.9966368370739054,5.985999142658599,Apple
158,5.432659244369775,0.5554317056026274,6.234708905543563,Apple
269,2.7571868901824006,0.7689874151805105,8.488574409176358,Apple
287,7.502069037353548,0.944765729882428,7.932478146531835,Apple
114,3.526951261967702,0.8496473906774115,11.4039213074767,Banana
289,1.2188436978830846,0.24734810174319766,7.536757293816432,Apple
289,6.80925066316451,0.4505441353100935,9.064118451946303,Apple
274,2.5939961146634403,0.12915941515149498,9.425850015436712,Apple
289,9.464127259176228,0.9540510272587224,5.091661196118335,Banana
150,9.585357193023286,0.60617463445088,9.644761604116974,Apple
207,9.233779511984036,0.22864280550346272,6.2462517680882605,Apple
154,4.331428302298999,0.6717006844058567,11.727492222286186,Apple
163,1.1391095487598069,0.6181282404578958,6.040639094271791,Apple
230,9.354867063289529,0.3581627180328405,7.902368866089166,Banana
150,4.8536573348558285,0.11355759219962902,5.597447676550507,Banana
234,9.699893371393026,0.6715731955927996,11.978119762921631,Apple
120,9.672579793803276,0.5203077009037933,8.515365072318698,Banana
172,8.677085099206241,0.7723183917356393,9.167695121240307,Banana
266,3.6500400286262713,0.5201635011119934,5.469535341718992,Banana
117,4.465879557417328,0.8521815003185401,10.249723292794243,Banana
231,8.660230043651712,0.5519068387744855,6.4693391516691,Apple
188,3.852298046406499,0.5609379715353863,11.286380026084997,Apple
159,2.5254347201748324,0.876653602658345,6.43597748337405,Apple
113,6.0112113621251515,0.40348286621239704,6.334814044645666,Banana
108,9.425392967447028,0.13401522845064073,5.255847674936664,Apple
189,7.264268170074757,0.028782676313338973,8.304468615769995,Banana
152,6.1305505308042845,0.755137255673619,8.953887932838315,Banana
229,1.8745884439369167,0.6203095513534647,5.459960475998466,Apple
183,6.535065040292528,0.7040797680992236,10.428693316865074,Banana
191,9.91048465093837,0.21296416150891073,8.173021843236192,Apple
210,2.260756137128716,0.13637147558676976,8.67073188529306,Apple
287,5.664966871273631,0.014544665667881929,8.085339228567598,Banana
298,8.8963576473516,0.350587558806597,7.805341426127281,Apple
271,7.66691755978784,0.5899176868546331,8.917482319157525,Banana
107,7.273141668957412,0.3922440450997323,6.086681721514988,Banana
274,7.322356755883983,0.43747492202372906,6.273496913466898,Apple
134,4.2354203609777965,0.9041586944937484,11.032499347094621,Apple
180,3.64232659838044,0.34825546702330035,11.62280823493543,Apple
263,8.284250399306622,0.5139894891598108,7.61316521395827,Apple
149,8.291020552112627,0.7836530127411431,6.895212712004876,Banana
203,8.803650867220934,0.39654278232127016,9.50799680267311,Apple
231,9.219164973008242,0.6220867002278735,7.861139197686675,Apple
101,5.60208158974844,0.8623637087467452,5.177704489622414,Apple
233,5.513646652184796,0.9495206236576421,6.093068181563332,Apple
153,8.184656610700976,0.14707348092903794,10.011805601931783,Banana
205,6.849675376999887,0.9265876251614944,9.61246759337106,Apple
103,7.31770189531933,0.4921162930795382,5.189671947524385,Banana
153,8.16213402492491,0.25824438829895835,6.553805133530647,Apple
290,9.010048076358096,0.4591357562382613,6.6175235761165,Banana
245,4.041956411663822,0.980032575285477,9.7032492051911,Apple
143,4.380246573759496,0.4926180939928696,5.137973764280549,Apple
261,1.845837458567821,0.3287516102875082,5.728760073892017,Banana
289,6.204521268965566,0.6334008543167258,10.599412597612325,Apple
113,1.3234804641706788,0.24014561877819307,6.249812634380335,Banana
194,5.190382163192141,0.07586332810866392,9.569222754963123,Apple
147,5.883801712368189,0.12887972191064923,6.667279467327086,Apple
114,3.5788712691545594,0.12804583895777244,5.696089749315416,Apple
299,6.317499345121097,0.15190269351229435,6.702205336996179,Banana
289,1.2745022494514449,0.13882717264941014,10.055868522989615,Apple
139,1.3361336987429298,0.6408747448032146,10.989875276744,Apple
181,8.403405045936925,0.18188008439914483,10.811539051968941,Apple
210,4.241715772701366,0.3456672833238632,7.780284707329184,Apple
152,2.143544613866963,0.8967884099060118,9.676595955994523,Apple
123,5.700189340493239,0.47396164026287235,6.434890067910747,Banana
253,7.9299419778874976,0.6675577385210272,7.052034111827092,Banana
287,2.9423892474715885,0.17231987120162984,11.27435072964784,Banana
223,6.606014282371002,0.19228901880867078,5.091013464575152,Banana
140,1.768127184943912,0.04086861626647886,5.598559715981277,Apple
256,1.4651354905174694,0.16893506307216455,6.455203786022191,Banana
114,5.782191684113332,0.2785903390319586,5.185725427116738,Apple
144,5.865716094490959,0.17701048427674682,6.270048045628581,Apple
164,6.736869113483859,0.08870253375705561,9.081290926787846,Apple
188,7.534822003503954,0.12063587110060081,7.949971854147486,Apple
170,9.782668715162812,0.46077876803272577,11.248701977538824,Banana
108,5.646703134710758,0.2063337184057925,10.722104932169087,Apple
187,3.9066082564712135,0.36426986104807546,7.392721461885132,Apple
228,8.156675752918332,0.5034172708548569,6.815964034019047,Apple
235,3.437490261358668,0.6903948286293653,7.657846857170869,Banana
162,4.950742786350725,0.039312139841098936,9.132064597603655,Apple
238,1.7061074320803935,0.7994103989090426,6.876445485760134,Apple
180,1.2281566907391177,0.6279003894909078,9.369042354943938,Apple
235,9.663835732101326,0.08175903194887191,7.865881565338682,Banana
262,8.523821084609853,0.8735786241067772,8.864330265963861,Apple
262,7.263767854843282,0.9208724005318132,8.052885703947217,Apple
132,4.680576499728429,0.06107795985486375,7.061260316793424,Apple
222,2.559648880637612,0.2768776481472037,11.639173148735097,Apple
104,2.4079333840397745,0.8062012797930613,10.345240559118325,Apple
140,3.252186083481358,0.7482596903836584,5.980792230365168,Apple
127,5.943039982355084,0.18452101935637732,11.07927583128539,Banana
234,7.431363304300561,0.2093493233367103,8.412018387746595,Apple
171,6.941776390459581,0.370472102791382,11.26186558825864,Apple
111,3.5194050725134858,0.4845229851910213,10.598986791631207,Banana
261,9.593787525968747,0.618254771530296,7.976494531284635,Apple
132,7.641072250261916,0.3689136395697724,5.157285158240822,Apple
147,5.989186472602606,0.4625347161331479,6.880741515694623,Apple
250,6.5054867161091705,0.7474709381337565,8.79143950262607,Apple
161,4.776400561850109,0.0366832028905979,9.434347538783031,Banana
136,3.229578905510417,0.25243694434402075,6.805213798032415,Apple
198,4.2037541078613545,0.7133495858845524,5.975492518509769,Banana
271,7.820614994179322,0.8952068376871993,10.844511657595094,Apple
203,1.1295413976678028,0.5116774421156661,11.890815264924864,Apple
134,2.0446537645622462,0.5321134852653157,8.6798312761188,Apple
292,1.4140237781957747,0.10717201133977605,6.201755000938125,Apple
200,1.3665592208707311,0.44741236682345464,6.906151285635582,Apple
274,8.699145256099065,0.5326172664550232,5.128734735832267,Banana
230,7.332920734420213,0.24247050363472966,11.400091645923492,Apple
100,5.267564461785927,0.26924323094938096,5.824257580230988,Banana
104,1.8805074458590134,0.37728416310462265,9.035615328599775,Apple
241,5.4245428760514915,0.02007119777772637,6.918386544810442,Banana
202,5.261245937025091,0.3220791655831783,8.879246017610555,Banana
126,2.5588168291901368,0.21144800699654465,9.559942718463049,Banana
236,4.904664843141758,0.32749735217791465,10.808192625950412,Banana
114,4.586542609576361,0.11976213181925122,6.444948902324223,Banana
189,6.542650882469948,0.890527280739895,5.076970800609363,Apple
141,6.715842857808794,0.5935924535540487,5.958199410481651,Apple
223,1.4077360879484007,0.6791023191444896,11.300130492936736,Apple
278,4.371513531638241,0.7891712386073383,11.117230542937607,Banana
162,6.632739241428127,0.4984421989290573,9.181891715192158,Apple
195,5.528226327220789,0.08692028808742369,9.203618023035574,Banana
151,8.7084085706949,0.5371065418185478,9.655256721823788,Apple
195,6.928242684570505,0.5868411180208791,6.227598950364147,Apple
231,2.466409843732867,0.74543947418433,11.40088362147472,Apple
250,1.6351187266038685,0.4316595462296794,7.931393674244512,Apple
242,6.78177350385684,0.12758030279556376,7.681969697746482,Apple
270,1.2386017948745964,0.28377590579872447,8.632423936979862,Apple
128,6.2719802314611695,0.3630822963986351,5.3287617674253855,Apple
135,9.462072172824618,0.6459172413316012,6.163983581292555,Apple
112,6.179267600882911,0.5707783046689119,10.166235314984593,Apple
259,4.493529335858697,0.35609672589784624,5.5795906754758855,Apple
170,6.789593965981179,0.9865152487929797,9.222064766264717,Banana
286,5.12427601442365,0.6057748193568872,6.717443767769247,Apple
185,5.910551103843415,0.23722679173599448,7.725069298293835,Apple
127,9.473183278988726,0.10178247262040374,7.020856157394899,Apple
165,4.474923740206968,0.15285913918433203,7.489709015254644,Apple
269,9.650715074415228,0.24595772838450813,10.033321336289719,Apple
144,9.148155777604574,0.16068137325955567,7.0798520093622255,Apple
161,2.762120213103668,0.18656702405130576,8.96483248207828,Apple
284,1.624251707876489,0.2850951686938471,8.332352815393698,Apple
233,1.9070020123968399,0.17337359529475482,9.645698157538536,Apple
127,1.1639964308639477,0.8967654246264252,11.557808175273305,Banana
127,1.8499866468033557,0.08023374566164221,10.128004680471753,Banana
207,7.147060960747211,0.5245113895702547,6.504582650135298,Apple
143,1.6406978361420608,0.4103968269896615,5.218281945428993,Apple
183,3.8707806726438516,0.9823786169086064,6.8358483100987755,Apple
129,8.60387779872509,0.11203890216805235,9.165545514901783,Apple
289,1.209447421622433,0.39785559904574164,5.359980694389752,Banana
174,8.330216343300421,0.9694704332753689,8.474563730408654,Apple
227,3.5366929729605996,0.8655071258939803,9.177899942418225,Apple
191,2.0634834485949063,0.8170720709492799,7.339707235718725,Apple
289,7.270634488277356,0.25790282704493983,10.396385426220753,Banana
228,6.660485621018956,0.17088758739006582,5.746187771936403,Apple
220,8.897248121743477,0.668643219924431,5.525964472150662,Apple
126,7.615639394234972,0.9293759891275858,10.097321293425225,Apple
289,8.231328373463636,0.5567628930139298,8.46843921344339,Apple
220,3.538311153141758,0.5716126894698998,9.818816774994152,Apple
215,2.5969558940175053,0.2799790936602842,8.043791370226224,Apple
102,7.755532764767725,0.7694929331919369,6.724814232673747,Apple
202,8.261512653405376,0.18704374855752337,10.733716223719398,Apple
297,9.91454627800606,0.3236792364042437,10.595911152782854,Apple
299,4.713559092202838,0.4254364386164168,9.862875295980988,Apple
254,4.348162772135049,0.507610378684455,6.905015960609739,Apple
236,7.987716646677971,0.24240973241508024,9.13161466808361,Apple
161,4.06723186227716,0.11483682473920354,7.526817278580188,Banana
264,9.376815930432082,0.6106200424416326,5.641074513286439,Apple
150,8.725714766587107,0.28863055324025577,11.421195028235699,Apple
271,4.860946246375165,0.5812382214226123,5.95773041643273,Apple
251,7.757839610123476,0.1543627152742023,11.651661476745616,Apple
158,7.7908858667621415,0.4811401018548175,8.12204041070569,Banana
217,1.9281148195233935,0.5325894325515859,6.2959305018703375,Apple
259,9.1229761601161,0.05182353682242691,8.793306631648507,Banana
195,5.547271352030714,0.3366042781939206,11.110620851134858,Apple
279,8.438117194969674,0.13441467693897424,10.125574204866929,Apple
212,3.880446409275506,0.06337497047276774,10.645928035030149,Banana
161,9.059709056465804,0.9899602323899452,9.611483566975021,Banana
285,4.502815108607468,0.32235384497472297,9.845935951624966,Banana
151,1.0975388633226852,0.8098744458546349,10.944369560957234,Banana
111,9.148437787773373,0.25464065476376385,6.7476760620143015,Apple
138,1.821580091075202,0.6815027222239293,8.425974745501984,Banana
229,3.873822738313734,0.7602278598896866,6.548466092737216,Apple
230,9.550557703457244,0.5956387406078443,11.913676055976529,Banana
212,9.555464322438006,0.47157618855015837,11.608415377806292,Apple
200,6.160940993109575,0.41184091414726853,5.275987679579542,Banana
212,6.686534909528193,0.3488682665429953,9.93902620760982,Apple
283,5.036009697804878,0.9295291442478258,11.47673822190966,Apple
180,3.638896945282581,0.8306194077877291,6.264027415891334,Apple
286,3.957980908329244,0.9650269106665126,8.975616613868407,Banana
212,7.052666104693346,0.12429722348554473,11.408418083116292,Apple
101,7.77137076493912,0.7308674752036443,5.237621850100592,Apple
229,8.124211393532637,0.9383404568210378,9.881941870727879,Apple
153,8.106563285150985,0.18123306616566015,7.081443051607856,Apple
186,1.8208549274382133,0.0664962673667775,11.470773367635712,Banana
228,5.449782742323233,0.741120649290059,11.797407716157574,Apple
246,1.5180288401497986,0.5744731131799119,11.609865423794037,Banana
225,5.94575994091362,0.8418287767582721,8.319499516602246,Apple
229,4.973774512360393,0.1397723766262895,11.034298556925194,Apple
152,8.989337644824698,0.7952673118598902,10.911845789745492,Banana
271,4.158235112968708,0.20162732004774453,7.233703312702789,Apple
259,2.053603147848453,0.1636559428657045,10.802408319054742,Apple
297,2.2869251384755227,0.16426579793099294,5.259053443008448,Apple
259,7.85359568545725,0.8145747202313821,9.173889149374371,Banana
167,6.56396256984635,0.6651972206962001,6.6100618610139215,Apple
282,1.9101040851051123,0.5230654247691193,5.843968200440951,Banana
283,1.756961255034977,0.3588304841235025,5.538672411404464,Banana
222,7.30872218313208,0.8772005408131083,9.874021431146979,Apple
244,1.6548670572777417,0.3924451074226354,7.379124746376463,Apple
137,8.396740533613206,0.8165994394715771,10.07336740070133,Apple
123,7.3561800444084655,0.4391349085702184,5.457494385592597,Apple
168,1.7321390257770979,0.3769444294249076,7.207032364814273,Apple
215,1.7635394267667273,0.46267978566960644,8.77643904662736,Apple
197,9.87975620651058,0.3013778741641421,10.535062153872744,Apple
297,4.368437161805083,0.7476093801762511,7.231267520524489,Banana
238,4.335779323602019,0.5027203900924792,9.381239635059064,Banana
243,8.315196105317522,0.2322126951468173,11.20184423765331,Banana
196,9.525237196454729,0.8995745732745685,9.311042317276133,Apple
223,9.874009574405838,0.3838912213732114,6.630716323275436,Apple
286,7.780403667330475,0.5435528611139886,5.1708054708957665,Apple
169,4.386336269778242,0.9064721109645469,11.09069211730651,Banana
192,1.7515064502880189,0.6242379959139921,5.14888587595271,Apple
102,7.994322243346931,0.11689804070836407,11.122911708789395,Banana
247,6.025638247622245,0.9398321236134751,8.702559938190484,Apple
286,4.817998083222786,0.6277080530714179,11.573473889590273,Apple
263,9.157189465852625,0.3349056146570861,10.591482650415657,Banana
246,2.000777340755362,0.13927207266338726,11.985538773733362,Apple
189,5.433625938617732,0.794025189270296,7.454982708161971,Banana
294,1.1021828029067717,0.6200727559285135,10.370318022517889,Banana
246,5.217945777947136,0.5334610919763215,7.8135163952646955,Apple
247,1.5067294811365362,0.8938925830509576,8.359129342127362,Apple
195,2.0693612464126474,0.7885972112245307,9.392538242528591,Apple
298,2.057736220993944,0.15167487973275118,11.115739799304372,Banana
151,6.842892719044572,0.31172206779554823,11.888584284395066,Apple
260,7.71440391338881,0.24848913981446574,10.377913897051627,Apple
267,6.250318885874437,0.743946292572677,7.924367475171336,Apple
227,9.659552936270877,0.03353243473577938,7.949499015939491,Banana
138,4.373835215713337,0.5698896848713165,10.16307611112224,Apple
181,3.571408776536747,0.7624586857406905,6.671440020378117,Banana
203,8.817392153705143,0.8767656367617495,5.773318791919762,Banana
228,3.0123625466750736,0.34208174871590746,7.482355103485435,Apple
110,9.669002854965502,0.8212573046720129,7.010672941578572,Apple
284,1.109390272208347,0.11063173695520723,7.074156843191931,Banana
277,9.728909440368751,0.8464522917345182,6.63525425734937,Apple
250,1.388439207555185,0.12748866233198242,5.294652327454533,Banana
258,9.02028802328264,0.39728729056036727,5.1251175431338964,Apple
141,5.749309981776698,0.7972953657795536,11.914056728152222,Apple
198,9.936683165073703,0.14991742734877378,7.994411936151036,Banana
106,1.6641690826185898,0.22925139523264149,7.690286530117772,Apple
243,5.984688559611887,0.7222525683930663,9.757530978851488,Apple
189,9.72372282057189,0.7200365365460744,6.527777215055449,Apple
211,5.707880597531339,0.6411476328852973,11.649728287651577,Apple
159,6.664587743217362,0.6939484444671,10.504415100908865,Apple
212,7.261738200861554,0.5427244433475962,5.625877016185816,Apple
101,5.090869582909959,0.25179905890695276,7.923065430494498,Banana
228,6.648022720756571,0.34569599350391944,11.153828152935153,Apple
147,6.258828807307902,0.18159771680142567,11.613124156039872,Apple
239,9.110422094418901,0.9084505613336283,8.271810578749088,Apple
296,1.409017423073121,0.5833917947661205,9.293879724474955,Banana
136,3.528668706330073,0.4008514167636399,6.169237622644527,Apple
259,9.553703356689029,0.4620058036441327,11.938180382958835,Banana
108,9.012374055018247,0.9472833396118153,6.621701909684104,Apple
198,5.100910775071417,0.1533514031160802,11.599122418945878,Apple
246,6.581193380213831,0.5862298320167972,9.54752654294658,Apple
147,3.496430646830194,0.505888678884466,9.254157564152013,Apple
230,2.6930904375138516,0.6114542354346478,8.58881957711556,Apple
247,5.173285644459839,0.01811018382084051,6.614688682024311,Apple
251,4.180170052234475,0.8721239089441515,6.235696224038557,Banana
153,6.252905006657849,0.9321182824836124,6.543403463491227,Apple
219,1.6996117326848634,0.5651331835892089,6.3050678350097815,Apple
260,9.769553268995498,0.6966508238768923,10.457091314967272,Apple
251,9.875896700316426,0.9224993811772957,7.450876814167111,Banana
215,7.2834554261777065,0.7072386343133986,5.404898735943775,Apple
